<?xml version="1.0" encoding="UTF-8"?>
<project-private xmlns="http://www.netbeans.org/ns/project-private/1">
    <editor-bookmarks xmlns="http://www.netbeans.org/ns/editor-bookmarks/2" lastBookmarkId="0"/>
    <open-files xmlns="http://www.netbeans.org/ns/projectui-open-files/2">
        <group>
            <file>file:/C:/Users/Asif%20Farrah/Downloads/SuperShop_Management_System-master/SuperShop_Management_System-master/src/super_shop_management_system/After_LoginController.java</file>
            <file>file:/C:/Users/Asif%20Farrah/Downloads/SuperShop_Management_System-master/SuperShop_Management_System-master/src/super_shop_management_system/Super_Shop_Management_System.java</file>
            <file>file:/C:/Users/Asif%20Farrah/Downloads/SuperShop_Management_System-master/SuperShop_Management_System-master/src/super_shop_management_system/Main_GUIController.java</file>
            <file>file:/C:/Users/Asif%20Farrah/Downloads/SuperShop_Management_System-master/SuperShop_Management_System-master/src/super_shop_management_system/dbConnect.java</file>
        </group>
    </open-files>
</project-private>
